user,pass,cluster,unitcode,unitno
user01,1234,A011B,25031-1B-01,01A
user02,1234,A011B,25031-1B-01,01B
user03,1234,A011B,25031-1B-01,01C
user04,1234,A011B,25031-1B-01,01D
user05,1234,A011B,25031-1B-01,01E
user06,1234,A011B,25031-1B-01,01F
user07,1234,A011B,25031-1B-01,01G
user08,1234,A011B,25031-1B-01,01H
user09,1234,A011B,25031-1B-01,01I
user10,1234,A011B,25031-1B-01,01J
user11,1234,A011B,25031-1B-01,01K
user12,1234,A011B,25031-1B-01,01L
user13,1234,A011B,25031-1B-02,02A
user14,1234,A011B,25031-1B-02,02C
user15,1234,A011B,25031-1B-02,02E
user16,1234,A011B,25031-1B-02,02F
user17,1234,A011B,25031-1B-02,02G
user18,1234,A011B,25031-1B-02,02H
user19,1234,A011B,25031-1B-02,02I
user20,1234,A011B,25031-1B-02,02J
user21,1234,A011B,25031-1B-02,02K
user22,1234,A011B,25031-1B-02,02L
user23,1234,A011B,25031-1B-03,03A
user24,1234,A011B,25031-1B-03,03B
user25,1234,A011B,25031-1B-03,03C
user26,1234,A011B,25031-1B-03,03D
user27,1234,A011B,25031-1B-03,03E
user28,1234,A011B,25031-1B-03,03F
user29,1234,A011B,25031-1B-03,03G
user30,1234,A011B,25031-1B-03,03H
user31,1234,A011B,25031-1B-03,03I
user32,1234,A011B,25031-1B-03,03J
user33,1234,A011B,25031-1B-03,03K
user34,1234,A011B,25031-1B-03,03L
user35,1234,A011B,25031-1B-05,05A
user36,1234,A011B,25031-1B-05,05B
user37,1234,A011B,25031-1B-05,05C
user38,1234,A011B,25031-1B-05,05D
user39,1234,A011B,25031-1B-05,05E
user40,1234,A011B,25031-1B-05,05F
user41,1234,A011B,25031-1B-05,05G
user42,1234,A011B,25031-1B-05,05H
user43,1234,A011B,25031-1B-05,05I
user44,1234,A011B,25031-1B-05,05J
user45,1234,A011B,25031-1B-05,05K
user46,1234,A011B,25031-1B-05,05L
user47,1234,A011B,25031-1B-06,06A
user48,1234,A011B,25031-1B-06,06B
user49,1234,A011B,25031-1B-06,06C
user50,1234,A011B,25031-1B-06,06D
user51,1234,A011B,25031-1B-06,06E
user52,1234,A011B,25031-1B-06,06F
user53,1234,A011B,25031-1B-06,06G
user54,1234,A011B,25031-1B-06,06H
user55,1234,A011B,25031-1B-06,06I
user56,1234,A011B,25031-1B-06,06J
user57,1234,A011B,25031-1B-06,06K
user58,1234,A011B,25031-1B-06,06L
user59,1234,A011B,25031-1B-07,07A
user60,1234,A011B,25031-1B-07,07B
user61,1234,A011B,25031-1B-07,07C
user62,1234,A011B,25031-1B-07,07D
user63,1234,A011B,25031-1B-07,07E
user64,1234,A011B,25031-1B-07,07F
user65,1234,A011B,25031-1B-07,07G
user66,1234,A011B,25031-1B-07,07H
user67,1234,A011B,25031-1B-07,07I
user68,1234,A011B,25031-1B-07,07J
user69,1234,A011B,25031-1B-07,07K
user70,1234,A011B,25031-1B-07,07L
user71,1234,A011B,25031-1B-08,08A
user72,1234,A011B,25031-1B-08,08B
user73,1234,A011B,25031-1B-08,08C
user74,1234,A011B,25031-1B-08,08D
user75,1234,A011B,25031-1B-08,08E
user76,1234,A011B,25031-1B-08,08F
user77,1234,A011B,25031-1B-08,08G
user78,1234,A011B,25031-1B-08,08H
user79,1234,A011B,25031-1B-08,08I
user80,1234,A011B,25031-1B-08,08J
user81,1234,A011B,25031-1B-08,08K
user82,1234,A011B,25031-1B-08,08L
user83,1234,A011B,25031-1B-09,09A
user84,1234,A011B,25031-1B-09,09B
user85,1234,A011B,25031-1B-09,09C
user86,1234,A011B,25031-1B-09,09D
user87,1234,A011B,25031-1B-09,09E
user88,1234,A011B,25031-1B-09,09F
user89,1234,A011B,25031-1B-09,09G
user91,1234,A011B,25031-1B-09,09I
user92,1234,A011B,25031-1B-09,09J
user93,1234,A011B,25031-1B-09,09K
user94,1234,A011B,25031-1B-09,09L
user95,1234,A011B,25031-1B-10,10A
user96,1234,A011B,25031-1B-10,10B
user97,1234,A011B,25031-1B-10,10C
user98,1234,A011B,25031-1B-10,10D
user99,1234,A011B,25031-1B-10,10E
user100,1234,A011B,25031-1B-10,10F
