user,pass
user01,1234
user02,1234
user03,1234
user04,1234
user05,1234
user06,1234
user07,1234
user08,1234
user09,1234
user10,1234
user11,1234
user12,1234
user13,1234
user14,1234
user15,1234
user16,1234
user17,1234
user18,1234
user19,1234
user20,1234
user21,1234
user22,1234
user23,1234
user24,1234
user25,1234
user26,1234
user27,1234
user28,1234
user29,1234
user30,1234
user31,1234
user32,1234
user33,1234
user34,1234
user35,1234
user36,1234
user37,1234
user38,1234
user39,1234
user40,1234
user41,1234
user42,1234
user43,1234
user44,1234
user45,1234
user46,1234
user47,1234
user48,1234
user49,1234
user50,1234
user51,1234
user52,1234
user53,1234
user54,1234
user55,1234
user56,1234
user57,1234
user58,1234
user59,1234
user60,1234
user61,1234
user62,1234
user63,1234
user64,1234
user65,1234
user66,1234
user67,1234
user68,1234
user69,1234
user70,1234
user71,1234
user72,1234
user73,1234
user74,1234
user75,1234
user76,1234
user77,1234
user78,1234
user79,1234
user80,1234
user81,1234
user82,1234
user83,1234
user84,1234
user85,1234
user86,1234
user87,1234
user88,1234
user89,1234
user90,1234
user91,1234
user92,1234
user93,1234
user94,1234
user95,1234
user96,1234
user97,1234
user98,1234
user99,1234
user100,1234
